{
    "accuracy_history": {
        "0": [
            0.154,
            0.154,
            0.2686,
            0.2686,
            0.3352,
            0.3352,
            0.3565,
            0.3565,
            0.4069,
            0.4069,
            0.4243,
            0.4243,
            0.4669,
            0.4669,
            0.4629,
            0.4629,
            0.4825,
            0.4825,
            0.5009,
            0.5009,
            0.5059,
            0.5059,
            0.5119,
            0.5119,
            0.5343,
            0.5343,
            0.5259,
            0.5259,
            0.5558,
            0.5558,
            0.5262,
            0.5262,
            0.56,
            0.56,
            0.5566,
            0.5566,
            0.5831,
            0.5831,
            0.5897,
            0.5897,
            0.5907,
            0.5907,
            0.5883,
            0.5883,
            0.6162,
            0.6162,
            0.6015,
            0.6015,
            0.6193,
            0.6193,
            0.6271,
            0.6271,
            0.6345,
            0.6345,
            0.64,
            0.64,
            0.6397,
            0.6397,
            0.6224,
            0.6224,
            0.6558,
            0.6558,
            0.6582,
            0.6582,
            0.6598,
            0.6598,
            0.6568,
            0.6568,
            0.668,
            0.668,
            0.6724,
            0.6724,
            0.6771,
            0.6771,
            0.6788,
            0.6788,
            0.6762,
            0.6762,
            0.6808,
            0.6808,
            0.6785,
            0.6785,
            0.6822,
            0.6822,
            0.6856,
            0.6856,
            0.666,
            0.666,
            0.6887,
            0.6887,
            0.6688,
            0.6688,
            0.6939,
            0.6939,
            0.6938,
            0.6938,
            0.6964,
            0.6964,
            0.6924,
            0.6924
        ]
    },
    "loss_history": {
        "0": [
            2.238010763741149,
            2.238010763741149,
            1.9857006072998047,
            1.9857006072998047,
            1.8150629490709151,
            1.8150629490709151,
            1.7281661395447703,
            1.7281661395447703,
            1.590023537794241,
            1.590023537794241,
            1.5380316580446383,
            1.5380316580446383,
            1.458068565819591,
            1.458068565819591,
            1.462662450040872,
            1.462662450040872,
            1.405213158732405,
            1.405213158732405,
            1.3549480112596823,
            1.3549480112596823,
            1.3581555756136252,
            1.3581555756136252,
            1.3334329124456776,
            1.3334329124456776,
            1.2814148394063638,
            1.2814148394063638,
            1.3061892624480276,
            1.3061892624480276,
            1.2335634113500675,
            1.2335634113500675,
            1.3077655006140565,
            1.3077655006140565,
            1.209662285285255,
            1.209662285285255,
            1.2309332250025327,
            1.2309332250025327,
            1.1570837773834934,
            1.1570837773834934,
            1.1458907679627879,
            1.1458907679627879,
            1.128985075524059,
            1.128985075524059,
            1.1504927886941563,
            1.1504927886941563,
            1.0885843219467626,
            1.0885843219467626,
            1.1207129481120612,
            1.1207129481120612,
            1.0671582161047208,
            1.0671582161047208,
            1.0458228092985793,
            1.0458228092985793,
            1.0218923185199213,
            1.0218923185199213,
            1.0117250735196062,
            1.0117250735196062,
            1.0198121933510509,
            1.0198121933510509,
            1.090266568401751,
            1.090266568401751,
            0.9719805428014395,
            0.9719805428014395,
            0.9702769487429732,
            0.9702769487429732,
            0.9677366861900963,
            0.9677366861900963,
            0.9750435912190154,
            0.9750435912190154,
            0.9545446501943631,
            0.9545446501943631,
            0.9485248033040629,
            0.9485248033040629,
            0.9338888748766134,
            0.9338888748766134,
            0.9308374837374154,
            0.9308374837374154,
            0.9494347187657707,
            0.9494347187657707,
            0.9407670482659873,
            0.9407670482659873,
            0.9558153134374954,
            0.9558153134374954,
            0.9449297768620256,
            0.9449297768620256,
            0.9297756888805487,
            0.9297756888805487,
            1.004981834286699,
            1.004981834286699,
            0.9480253422793489,
            0.9480253422793489,
            1.025069503167186,
            1.025069503167186,
            0.9309021308780098,
            0.9309021308780098,
            0.9559387774132311,
            0.9559387774132311,
            0.941725513139091,
            0.941725513139091,
            0.9280787521657853,
            0.9280787521657853
        ]
    },
    "cluster_assignments": null,
    "rounds_to_target": null,
    "final_results": {
        "accuracy": 0.6924,
        "loss": 0.9280787521657853,
        "f1_score": 0.6854279839870673,
        "precision": 0.6900684863926209,
        "recall": 0.6924
    },
    "config": {
        "algorithm": "fedavg",
        "dataset_name": "cifar10",
        "num_clients": 10,
        "num_rounds": 50,
        "batch_size": 32,
        "learning_rate": 0.01,
        "local_epochs": 5,
        "alpha": 0.5,
        "num_epochs": 1,
        "use_clustering": false,
        "clustering": null,
        "num_clusters": 1,
        "use_dp_clustering": false,
        "cl_epsilon": 1.0,
        "num_quantiles": 5,
        "cluster_on": "features",
        "use_knowledge_distillation": false,
        "distillation_temperature": 2.0,
        "distillation_alpha": 0.5,
        "distillation_learning_rate": 0.001,
        "distillation_epochs": 50,
        "unlabeled_ratio": 0.3,
        "labeled_subset_size": 1000,
        "target_accuracy": 0.8,
        "accuracy_thresholds": [
            0.6,
            0.7,
            0.8
        ],
        "proximal_mu": 0.01,
        "model_class": "<class 'models.cifar_models.CIFAR10Teacher'>",
        "TeacherModel": "<class 'models.cifar_models.CIFAR10Teacher'>"
    }
}