{
    "accuracy_history": {
        "0": [
            0.1953,
            0.1953,
            0.2934,
            0.2934,
            0.3516,
            0.3516,
            0.3985,
            0.3985,
            0.4211,
            0.4211,
            0.4494,
            0.4494,
            0.4653,
            0.4653,
            0.4792,
            0.4792,
            0.4918,
            0.4918,
            0.5034,
            0.5034,
            0.5155,
            0.5155,
            0.5283,
            0.5283,
            0.5311,
            0.5311,
            0.5472,
            0.5472,
            0.5643,
            0.5643,
            0.5671,
            0.5671,
            0.5734,
            0.5734,
            0.5824,
            0.5824,
            0.5891,
            0.5891,
            0.6038,
            0.6038,
            0.6035,
            0.6035,
            0.6128,
            0.6128,
            0.6207,
            0.6207,
            0.6266,
            0.6266,
            0.6339,
            0.6339,
            0.6391,
            0.6391,
            0.6449,
            0.6449,
            0.6428,
            0.6428,
            0.6473,
            0.6473,
            0.6601,
            0.6601,
            0.6601,
            0.6601,
            0.6635,
            0.6635,
            0.6615,
            0.6615,
            0.6657,
            0.6657,
            0.6713,
            0.6713,
            0.6727,
            0.6727,
            0.6764,
            0.6764,
            0.6792,
            0.6792,
            0.6807,
            0.6807,
            0.6811,
            0.6811,
            0.6844,
            0.6844,
            0.6865,
            0.6865,
            0.687,
            0.687,
            0.6821,
            0.6821,
            0.6862,
            0.6862,
            0.6921,
            0.6921,
            0.6873,
            0.6873,
            0.6927,
            0.6927,
            0.6889,
            0.6889,
            0.6929,
            0.6929
        ]
    },
    "loss_history": {
        "0": [
            2.245275858492135,
            2.245275858492135,
            1.9777228592302853,
            1.9777228592302853,
            1.801526546097411,
            1.801526546097411,
            1.66977767136912,
            1.66977767136912,
            1.5772759849651934,
            1.5772759849651934,
            1.5091098234676326,
            1.5091098234676326,
            1.460995383917714,
            1.460995383917714,
            1.4221088394951136,
            1.4221088394951136,
            1.3924398603149877,
            1.3924398603149877,
            1.358662618996617,
            1.358662618996617,
            1.3276788455228836,
            1.3276788455228836,
            1.2979433527008033,
            1.2979433527008033,
            1.2908948936020603,
            1.2908948936020603,
            1.2497989607695192,
            1.2497989607695192,
            1.220021510466981,
            1.220021510466981,
            1.20742780979449,
            1.20742780979449,
            1.185169894474383,
            1.185169894474383,
            1.1576641910373213,
            1.1576641910373213,
            1.1411088575570347,
            1.1411088575570347,
            1.106098127250854,
            1.106098127250854,
            1.1048185006498148,
            1.1048185006498148,
            1.0815307372294294,
            1.0815307372294294,
            1.0617690455799285,
            1.0617690455799285,
            1.0487209152870667,
            1.0487209152870667,
            1.0307672157074317,
            1.0307672157074317,
            1.0211188513250016,
            1.0211188513250016,
            1.0045005801005866,
            1.0045005801005866,
            1.0136955009100916,
            1.0136955009100916,
            0.9991248250007629,
            0.9991248250007629,
            0.9673599760753279,
            0.9673599760753279,
            0.976935441311175,
            0.976935441311175,
            0.9620128846206604,
            0.9620128846206604,
            0.96860830462017,
            0.96860830462017,
            0.9593976363777733,
            0.9593976363777733,
            0.9522988390617858,
            0.9522988390617858,
            0.9481878580567175,
            0.9481878580567175,
            0.9457811612290696,
            0.9457811612290696,
            0.9349201618672941,
            0.9349201618672941,
            0.9395215246624078,
            0.9395215246624078,
            0.9416419047707567,
            0.9416419047707567,
            0.9371131462410996,
            0.9371131462410996,
            0.9363511034284537,
            0.9363511034284537,
            0.9368329937465656,
            0.9368329937465656,
            0.9580457433344076,
            0.9580457433344076,
            0.9606743446363809,
            0.9606743446363809,
            0.9443782628915561,
            0.9443782628915561,
            0.961378101152353,
            0.961378101152353,
            0.9591750275974457,
            0.9591750275974457,
            0.9766409890339397,
            0.9766409890339397,
            0.9793242729319551,
            0.9793242729319551
        ]
    },
    "cluster_assignments": null,
    "rounds_to_target": null,
    "final_results": {
        "accuracy": 0.6929,
        "loss": 0.9793242729319551,
        "f1_score": 0.6908481681580487,
        "precision": 0.6966072833584998,
        "recall": 0.6929
    },
    "config": {
        "algorithm": "fednova",
        "dataset_name": "cifar10",
        "num_clients": 10,
        "num_rounds": 50,
        "batch_size": 32,
        "learning_rate": 0.01,
        "local_epochs": 5,
        "alpha": 0.5,
        "num_epochs": 1,
        "use_clustering": false,
        "clustering": null,
        "num_clusters": 1,
        "use_dp_clustering": false,
        "cl_epsilon": 1.0,
        "num_quantiles": 5,
        "cluster_on": "features",
        "use_knowledge_distillation": false,
        "distillation_temperature": 2.0,
        "distillation_alpha": 0.5,
        "distillation_learning_rate": 0.001,
        "distillation_epochs": 50,
        "unlabeled_ratio": 0.3,
        "labeled_subset_size": 1000,
        "target_accuracy": 0.8,
        "accuracy_thresholds": [
            0.6,
            0.7,
            0.8
        ],
        "proximal_mu": 0.01,
        "model_class": "<class 'models.cifar_models.CIFAR10Teacher'>",
        "TeacherModel": "<class 'models.cifar_models.CIFAR10Teacher'>"
    }
}