{
    "accuracy_history": {
        "0": [
            0.1874,
            0.1874,
            0.244,
            0.244,
            0.3336,
            0.3336,
            0.3818,
            0.3818,
            0.4122,
            0.4122,
            0.435,
            0.435,
            0.4493,
            0.4493,
            0.4692,
            0.4692,
            0.4838,
            0.4838,
            0.4999,
            0.4999,
            0.5127,
            0.5127,
            0.5243,
            0.5243,
            0.5346,
            0.5346,
            0.5442,
            0.5442,
            0.5548,
            0.5548,
            0.5701,
            0.5701,
            0.5775,
            0.5775,
            0.589,
            0.589,
            0.5932,
            0.5932,
            0.6021,
            0.6021,
            0.6059,
            0.6059,
            0.6153,
            0.6153,
            0.6217,
            0.6217,
            0.6265,
            0.6265,
            0.6314,
            0.6314,
            0.6324,
            0.6324,
            0.6457,
            0.6457,
            0.647,
            0.647,
            0.6505,
            0.6505,
            0.6561,
            0.6561,
            0.6579,
            0.6579,
            0.6632,
            0.6632,
            0.6685,
            0.6685,
            0.669,
            0.669,
            0.6732,
            0.6732,
            0.6765,
            0.6765,
            0.6759,
            0.6759,
            0.6782,
            0.6782,
            0.6785,
            0.6785,
            0.6784,
            0.6784,
            0.682,
            0.682,
            0.6798,
            0.6798,
            0.6833,
            0.6833,
            0.6862,
            0.6862,
            0.6863,
            0.6863,
            0.6871,
            0.6871,
            0.6918,
            0.6918,
            0.6913,
            0.6913,
            0.6921,
            0.6921,
            0.6932,
            0.6932
        ]
    },
    "loss_history": {
        "0": [
            2.2657420261980246,
            2.2657420261980246,
            2.031169774814155,
            2.031169774814155,
            1.8236797312958934,
            1.8236797312958934,
            1.6890349887049616,
            1.6890349887049616,
            1.5978468405172086,
            1.5978468405172086,
            1.5334439780384588,
            1.5334439780384588,
            1.4922922343110885,
            1.4922922343110885,
            1.4478211878968503,
            1.4478211878968503,
            1.413265699014877,
            1.413265699014877,
            1.3739072533842094,
            1.3739072533842094,
            1.3483683419303771,
            1.3483683419303771,
            1.3046159955640189,
            1.3046159955640189,
            1.2799609273005599,
            1.2799609273005599,
            1.2544323762003986,
            1.2544323762003986,
            1.2259898454236526,
            1.2259898454236526,
            1.198700133032692,
            1.198700133032692,
            1.1780562631238383,
            1.1780562631238383,
            1.15699786271531,
            1.15699786271531,
            1.132898777437667,
            1.132898777437667,
            1.1079428961482674,
            1.1079428961482674,
            1.0952316124599202,
            1.0952316124599202,
            1.0749666702252227,
            1.0749666702252227,
            1.067937218343107,
            1.067937218343107,
            1.0450461592537146,
            1.0450461592537146,
            1.0322811312187974,
            1.0322811312187974,
            1.0280219110817954,
            1.0280219110817954,
            1.0002232420558748,
            1.0002232420558748,
            0.9877640408829759,
            0.9877640408829759,
            0.9753419237967116,
            0.9753419237967116,
            0.969480567656386,
            0.969480567656386,
            0.9640215370601739,
            0.9640215370601739,
            0.9477493745831255,
            0.9477493745831255,
            0.9414865439311384,
            0.9414865439311384,
            0.9385283512238878,
            0.9385283512238878,
            0.9325657103198786,
            0.9325657103198786,
            0.9205304514676237,
            0.9205304514676237,
            0.9222975303761114,
            0.9222975303761114,
            0.9220916168948713,
            0.9220916168948713,
            0.9184150700561535,
            0.9184150700561535,
            0.9215690620219745,
            0.9215690620219745,
            0.9234108066977784,
            0.9234108066977784,
            0.927974035755133,
            0.927974035755133,
            0.919991062662472,
            0.919991062662472,
            0.9157282112124628,
            0.9157282112124628,
            0.9166541391858658,
            0.9166541391858658,
            0.9214082455482727,
            0.9214082455482727,
            0.9140578267482904,
            0.9140578267482904,
            0.9265778961653908,
            0.9265778961653908,
            0.9242629240781736,
            0.9242629240781736,
            0.9253541694376797,
            0.9253541694376797
        ]
    },
    "cluster_assignments": null,
    "rounds_to_target": null,
    "final_results": {
        "accuracy": 0.6932,
        "loss": 0.9253541694376797,
        "f1_score": 0.6944952084437072,
        "precision": 0.700068347152927,
        "recall": 0.6932
    },
    "config": {
        "algorithm": "fedprox",
        "dataset_name": "cifar10",
        "num_clients": 10,
        "num_rounds": 50,
        "batch_size": 32,
        "learning_rate": 0.01,
        "local_epochs": 5,
        "alpha": 0.5,
        "num_epochs": 1,
        "use_clustering": false,
        "clustering": null,
        "num_clusters": 1,
        "use_dp_clustering": false,
        "cl_epsilon": 1.0,
        "num_quantiles": 5,
        "cluster_on": "features",
        "use_knowledge_distillation": false,
        "distillation_temperature": 2.0,
        "distillation_alpha": 0.5,
        "distillation_learning_rate": 0.001,
        "distillation_epochs": 50,
        "unlabeled_ratio": 0.3,
        "labeled_subset_size": 1000,
        "target_accuracy": 0.8,
        "accuracy_thresholds": [
            0.6,
            0.7,
            0.8
        ],
        "proximal_mu": 0.01,
        "model_class": "<class 'models.cifar_models.CIFAR10Teacher'>",
        "TeacherModel": "<class 'models.cifar_models.CIFAR10Teacher'>"
    }
}