{
    "accuracy_history": {
        "0": [
            0.1995,
            0.1995,
            0.2931,
            0.2931,
            0.353,
            0.353,
            0.3897,
            0.3897,
            0.4178,
            0.4178,
            0.447,
            0.447,
            0.4568,
            0.4568,
            0.468,
            0.468,
            0.4848,
            0.4848,
            0.4936,
            0.4936,
            0.5081,
            0.5081,
            0.5133,
            0.5133,
            0.5215,
            0.5215,
            0.5321,
            0.5321,
            0.5274,
            0.5274,
            0.5558,
            0.5558,
            0.5642,
            0.5642,
            0.5739,
            0.5739,
            0.5779,
            0.5779,
            0.5869,
            0.5869,
            0.5828,
            0.5828,
            0.6061,
            0.6061,
            0.6103,
            0.6103,
            0.6139,
            0.6139,
            0.6176,
            0.6176,
            0.622,
            0.622,
            0.6305,
            0.6305,
            0.6378,
            0.6378,
            0.6432,
            0.6432,
            0.6471,
            0.6471,
            0.6518,
            0.6518,
            0.6621,
            0.6621,
            0.6377,
            0.6377,
            0.6685,
            0.6685,
            0.6651,
            0.6651,
            0.6643,
            0.6643,
            0.6758,
            0.6758,
            0.6732,
            0.6732,
            0.6789,
            0.6789,
            0.6852,
            0.6852,
            0.6864,
            0.6864,
            0.6905,
            0.6905,
            0.69,
            0.69,
            0.6927,
            0.6927,
            0.6935,
            0.6935,
            0.6862,
            0.6862,
            0.6973,
            0.6973,
            0.7017,
            0.7017,
            0.7013,
            0.7013,
            0.7056,
            0.7056
        ]
    },
    "loss_history": {
        "0": [
            2.185147066847585,
            2.185147066847585,
            1.9337805136324118,
            1.9337805136324118,
            1.76947300045635,
            1.76947300045635,
            1.650070931964789,
            1.650070931964789,
            1.5704034700180396,
            1.5704034700180396,
            1.4990286480504484,
            1.4990286480504484,
            1.466293667452023,
            1.466293667452023,
            1.44740772856691,
            1.44740772856691,
            1.400638457875663,
            1.400638457875663,
            1.382893683620916,
            1.382893683620916,
            1.3360474899934884,
            1.3360474899934884,
            1.3177286891129831,
            1.3177286891129831,
            1.291550612487732,
            1.291550612487732,
            1.2760107713385511,
            1.2760107713385511,
            1.2746713306195439,
            1.2746713306195439,
            1.2206193703812913,
            1.2206193703812913,
            1.2002878878444148,
            1.2002878878444148,
            1.1743693121325094,
            1.1743693121325094,
            1.1632162820036038,
            1.1632162820036038,
            1.1352558558741317,
            1.1352558558741317,
            1.141851039359364,
            1.141851039359364,
            1.0976395666027983,
            1.0976395666027983,
            1.0845117580395538,
            1.0845117580395538,
            1.072268055841184,
            1.072268055841184,
            1.068722764143167,
            1.068722764143167,
            1.0482384185440623,
            1.0482384185440623,
            1.0277720594558473,
            1.0277720594558473,
            1.0161522767795161,
            1.0161522767795161,
            1.0004674053420655,
            1.0004674053420655,
            0.9919498172430946,
            0.9919498172430946,
            0.9792318896363719,
            0.9792318896363719,
            0.9571399098387161,
            0.9571399098387161,
            1.0190314818114137,
            1.0190314818114137,
            0.942629404723073,
            0.942629404723073,
            0.9511202601388621,
            0.9511202601388621,
            0.953186774025329,
            0.953186774025329,
            0.9236821088547142,
            0.9236821088547142,
            0.9295475378204078,
            0.9295475378204078,
            0.9132984344380352,
            0.9132984344380352,
            0.9075548126103398,
            0.9075548126103398,
            0.8973801616853038,
            0.8973801616853038,
            0.8941596605526373,
            0.8941596605526373,
            0.8904148646817801,
            0.8904148646817801,
            0.8837613247263546,
            0.8837613247263546,
            0.890907446130777,
            0.890907446130777,
            0.9017010384474319,
            0.9017010384474319,
            0.8821703067031531,
            0.8821703067031531,
            0.871530101893428,
            0.871530101893428,
            0.8725938897925063,
            0.8725938897925063,
            0.8544538970382068,
            0.8544538970382068
        ]
    },
    "cluster_assignments": null,
    "rounds_to_target": null,
    "final_results": {
        "accuracy": 0.7056,
        "loss": 0.8544538970382068,
        "f1_score": 0.6999561232555427,
        "precision": 0.7026142598929515,
        "recall": 0.7056
    },
    "config": {
        "algorithm": "scaffold",
        "dataset_name": "cifar10",
        "num_clients": 10,
        "num_rounds": 50,
        "batch_size": 32,
        "learning_rate": 0.01,
        "local_epochs": 5,
        "alpha": 0.5,
        "num_epochs": 1,
        "use_clustering": false,
        "clustering": null,
        "num_clusters": 1,
        "use_dp_clustering": false,
        "cl_epsilon": 1.0,
        "num_quantiles": 5,
        "cluster_on": "features",
        "use_knowledge_distillation": false,
        "distillation_temperature": 2.0,
        "distillation_alpha": 0.5,
        "distillation_learning_rate": 0.001,
        "distillation_epochs": 50,
        "unlabeled_ratio": 0.3,
        "labeled_subset_size": 1000,
        "target_accuracy": 0.8,
        "accuracy_thresholds": [
            0.6,
            0.7,
            0.8
        ],
        "proximal_mu": 0.01,
        "model_class": "<class 'models.cifar_models.CIFAR10Teacher'>",
        "TeacherModel": "<class 'models.cifar_models.CIFAR10Teacher'>"
    }
}